,latitude,longitude
0,39.7085736,-105.0846694
1,47.4627356,-122.2559156
2,39.5120347,-76.1643289
3,40.0278894,-74.8690542
4,40.6178915,-75.3786521
5,34.1133062,-118.1478291
6,41.9529237,-71.4663863
7,36.5707838,-119.6120765
8,37.76721,-87.5573742
9,38.6504352,-90.3362473
10,37.6904826,-122.47267
11,40.6574186,-73.6450664
12,42.2802645,-71.2360624
13,44.3039719,-88.4406674
14,33.4669721,-117.6981075
15,42.5044017,-94.1910044
16,41.7764631,-72.6810307
17,40.8922694,-74.4774255
18,41.4730948,-87.0611412
19,40.20919925,-79.83291813611304
20,37.6390972,-120.9968782
21,30.3321838,-81.655651
22,42.224867,-121.7816704
23,42.4966815,-96.4058782
24,35.7688425,-119.2470536
25,39.7546349,-105.22058
26,33.8963593,-118.3053037
27,39.6370289,-82.2044367
28,37.7781702,-81.1881557
29,41.5758442,-72.5024804
30,34.1335332,-86.8779268
31,41.5910323,-93.6046655
32,32.6098566,-85.4807825
33,37.4137536,-79.1422464
34,37.5600336,-122.2688522
35,37.9747645,-87.5558483
36,34.1008426,-117.7678355
37,45.143731,-122.8553725
38,34.6381255,-99.3339754
39,40.3334409,-74.6004341
40,39.57998605,-74.27891468547114
41,41.8137116,-71.3700545
42,33.4859402,-86.9119366
43,33.1580933,-117.3505966
44,40.9452911,-74.0735899
45,40.5508527,-105.0668085
46,39.6573385,-74.8623868
47,32.8423345,-104.4032963
48,39.613321,-105.016649
49,43.377105,-72.347031
50,40.4864444,-86.1336351
51,33.9533546,-117.3961623
52,39.9562238,-75.0579502
53,39.9009472,-74.8234961
54,39.5589474,-84.3041074
55,32.8084605,-98.1128223
56,37.9768525,-122.0335624
57,46.7204489,-122.96143
58,34.729847,-86.5859011
59,40.5410075,-74.5875422
60,40.9492649,-74.1537549
61,38.1495947,-79.072557
62,45.3246068,-118.0878695
63,32.8795022,-111.757352
64,33.9255685,-116.875289
65,33.8915985,-118.3951241
66,35.2622654,-81.1838186
67,41.0887072,-74.1437552
68,40.5200187,-74.2745215
69,43.2144051,-75.4039155
70,38.661953,-90.5643258
71,38.2325829,-122.636465
72,42.5361805,-92.447758
73,41.2889866,-72.6817616
74,41.5381535,-72.8070435
75,41.7056656,-70.2286314
76,35.442007,-97.4408709
77,29.8988618,-93.9288723
78,38.2544472,-104.609141
79,39.7405111,-104.830994
80,40.9312099,-73.8987469
81,41.2230048,-111.9738429
82,34.1513105,-99.2860857
83,41.024226,-80.614795
84,42.7795273,-96.929101
85,37.1765141,-94.3103412
86,34.4838502,-114.3224495
87,33.7423967,-118.1055926
88,44.5365467,-122.906876
89,34.033625,-117.0430865
90,24.5625566,-81.7724368
91,32.3410552,-90.3215983
92,41.6603788,-71.4558911
93,45.3803261,-122.5945507
94,38.3396367,-122.7010984
95,42.4250964,-71.066163
96,40.7906871,-124.1673746
97,42.0267567,-93.6170448
98,41.6023196,-72.9867718
99,42.9956397,-71.4547891
100,34.6086854,-98.3903305
101,40.8531553,-74.1137537
102,26.0112014,-80.1494901
103,35.2072185,-101.833824
104,42.8712938,-97.3967011
105,30.7910204,-89.8486858
106,35.3540209,-120.3757163
107,39.967885,-75.5770496072027
108,29.1966405,-96.2696867
109,32.2228765,-110.9748477
110,26.5256179,-80.0666026
111,39.9477145,-76.7974714733872
112,42.0245442,-71.1286594
113,37.2333253,-121.6846349
114,39.1457247,-121.5913516
115,40.2971798,-74.6206496
116,33.9562003,-118.353132
117,39.9776109,-75.378526
118,29.2854132,-81.0557921
119,34.0194704,-118.491227
120,26.0628665,-80.2331038
121,40.65538,-74.3898732
122,39.0950595,-84.6052225
123,34.77873,-82.310119
124,42.933597,-72.2784264
125,41.6436603,-83.4868768
126,40.319244600000005,-76.78259308545563
127,34.0537971,-117.2610925
128,36.9092773,-121.7529071
129,40.5213381,-81.4741475
130,31.5604076,-91.403171
131,42.2846395,-72.399595
132,43.6678736,-116.689415
133,33.9060971,-118.0107092
134,40.8584328,-74.1637553
135,40.9350986,-74.0190281
136,42.1227601,-72.4286259
137,37.2870626,-121.9448818
138,36.4242303,-89.0570096
139,37.8771476,-122.1796888
140,38.6779591,-121.1760583
141,42.7884226,-71.2008933
142,35.1464797,-90.1845388
143,39.8973938,-75.0317979
144,36.8252277,-119.7029194
145,42.6414437,-71.3085329
146,30.4507936,-91.1391153
147,40.6851324,-76.1953701
148,27.885186599999997,-81.81408775862916
149,28.01633,-82.1234803
150,31.4649685,-100.4405094
151,35.0525759,-78.878292
152,41.0256101,-81.7298519
153,41.9667656,-71.4328363
154,30.1894252,-82.6394803
155,40.8690641,-74.12318419903066
156,37.8857582,-122.1180201
157,35.3389062,-82.4663918
158,27.9658533,-82.8001026
159,36.2659698,-95.8548557
160,37.9509324,-91.7708076
161,41.2795414,-72.8150989
162,42.2205956,-71.0041229
163,42.2489143,-71.1755732
164,40.70972275,-74.30569336998289
165,34.1066756,-117.8067257
166,37.2296566,-80.4136767
167,32.7589648,-97.7970748
168,35.6709727,-80.4742261
169,40.0581205,-82.4012643
170,38.4192496,-82.445154
171,41.000831899999994,-75.23153355835147
172,40.8065352,-85.7833563
173,26.3013982,-98.1624501
174,42.466763,-70.9494939
175,40.55418,-74.28600076944446
176,40.2564778,-76.9880313
177,40.7215682,-74.047455
178,48.118146,-123.430741
179,35.5658553,-97.5494185
180,41.2951563,-83.1555438
181,32.7751371,-108.2754371
182,32.2793121,-99.8812612
183,40.6834349,-74.442653
184,41.7813269,-72.53047449141525
185,36.0726355,-79.7919754
186,26.271192,-80.2706044
187,41.4789246,-87.4547605
188,39.9004369,-75.36962439417572
189,41.3894905,-82.0190321
190,40.883988,-74.5621025
191,42.3459271,-71.5522874
192,39.355589,-82.0610404
193,32.8579056,-97.2547371
194,41.3048815,-111.9650256
195,42.5750939,-71.0786653
196,44.5470092,-73.15461
197,32.0564572,-81.0951271
198,40.5863563,-122.391675
199,35.8240265,-80.2533838
200,26.217305,-80.2258811
201,40.8689882,-74.2082011
202,41.5750369,-87.2389246
203,33.8690197,-118.0796195
204,40.1799111,-76.1789242
205,44.0505054,-123.0950506
206,33.8358492,-118.3406288
207,40.8014651,-84.600988
208,42.4564323,-71.064182
209,34.6850749,-82.8364111
210,38.9529442,-76.9408647
211,39.3208866,-81.5512639
212,26.1723065,-80.1319893
213,40.826489,-74.1068091
214,32.5631924,-97.1416768
215,38.1301968,-121.2724473
216,30.5085915,-97.6788056
217,40.1150133,-111.6547774
218,36.5859718,-79.3950228
219,43.6414716,-70.2408811
220,43.1948481,-88.7286352
221,41.289811,-73.9204922
222,40.03813,-76.3056686
223,41.3978217,-82.2223775
224,,
225,34.7650888,-87.6986407
226,33.6617962,-95.555513
227,41.878711,-71.3825558
228,34.3266879,-81.5830086
229,30.8736613,-84.5740953
230,40.6311415,-91.3084007
231,40.0284452,-75.1515654
232,47.4234599,-120.310349
233,41.3082138,-72.9250518
234,42.6818928,-71.2963726
235,32.3293111,-96.6252679
236,36.6900986,-121.80062933026213
237,42.7870581,-87.8043925
238,42.1390327,-72.7584859
239,47.3075369,-122.2301808
240,42.65717,-71.1408776
241,40.375713,-76.4626118
242,36.3302284,-119.292058
243,34.0751571,-118.036849
244,39.6847822,-83.9296526
245,38.2971367,-122.2855293
246,33.8825705,-118.1167679
247,28.2441768,-82.7192671
248,34.9498007,-81.9320157
249,43.8122836,-91.2514355
250,35.2272086,-80.8430827
251,28.0394654,-81.9498042
252,39.9788017,-86.1189257
253,40.5742696,-74.60988
254,39.9295406,-77.0583135
255,32.8546197,-79.9748103
256,36.7568327,-90.3957115
257,40.03304205,-76.21302410596485
258,39.2806451,-80.3445341
259,30.7857437,-102.8065415
260,41.6105983,-86.7225227
261,28.0222435,-81.7328568
262,37.5385087,-77.43428
263,41.4989861,-72.900658
264,41.7000996,-71.6828444
265,36.0103562,-84.2696449
266,32.3669656,-86.3006485
267,38.7011626,-90.3623381
268,40.3460468,-94.8723858
269,42.5876342,-72.6002068
270,42.1252079,-71.1022015
271,36.550238,-82.5594293
272,26.1603626,-80.138934
273,41.7075394,-86.8950297
274,42.0334341,-70.9592096
275,38.0181745,-121.8901232
276,32.4709761,-85.0007653
277,41.1845415,-73.1331651
278,41.6764876,-71.915073
279,46.808327,-100.783739
280,32.2191836,-98.2130634
281,41.7353872,-70.1939087
282,41.4198027,-75.6324112
283,39.6482059,-104.9879641
284,40.596106,-74.237292
285,29.3685674,-94.9713134
286,40.3042778,-73.9923596
287,42.9464737,-71.5159015
288,33.1384488,-96.1108066
289,41.6220399,-71.0780195
290,52.6947251,7.2936266
291,37.2708788,-76.7074042
292,40.1789593,-76.97591945655293
293,40.6022059,-75.4712794
294,39.7200573,-84.324944
295,40.4635362,-74.3618499
296,33.7690164,-118.191604
297,40.9148209,-74.383763
298,34.401749499999994,-118.917766849615
299,45.6306954,-122.6744557
300,40.2317686,-82.9651045
301,34.4442547,-85.7196893
302,33.2292976,-87.5771286
303,34.7691867,-84.9702475
304,35.5186728,-97.6322648
305,34.0696501,-118.3963062
306,29.7355047,-94.9774274
307,39.9403453,-82.0131924
308,39.934002,-74.8909988
309,42.3959296,-71.1786655
310,38.4226711,-90.3758287
311,39.7267303,-75.1535378
312,40.6687141,-74.1143091
313,40.7985464,-81.3749508
314,40.6301025,-74.4273743
315,43.08436,-79.0614686
316,34.9854275,-80.5495112
317,36.708006,-119.5559652
318,41.439754,-81.7405559
319,39.1501662,-123.2077861
320,38.2097967,-84.5588311
321,34.5023029,-97.9578129
322,43.4925843,-70.4533844
323,31.1171441,-97.727796
324,38.0049214,-121.805789
325,31.3402134,-110.9360818
326,41.2951037,-92.6448451
327,36.3049177,-86.621443
328,39.7027677,-75.1119434
329,34.0990733,-118.1085682
330,39.85902405,-84.11141951604947
331,32.8234621,-97.1705678
332,40.6589912,-74.3473717
333,39.3642852,-74.4229351
334,31.7621153,-95.6307891
335,40.0131672,-75.2943516
336,40.2337289,-111.6587085
337,40.126139,-82.9295287
338,41.2706527,-72.9470471
339,27.8818828,-97.3188666
340,40.883988,-74.5621025
341,39.979742349999995,-83.15129585
342,42.36790855,-71.12678237443698
343,43.0407742,-78.8660527
344,44.2022293,-88.4465361
345,44.5126379,-88.0125794
346,47.6038321,-122.330062
347,40.4233142,-104.7091322
348,40.8579293,-74.0816693
349,46.7304268,-117.173895
350,41.5949942,-72.6455665
351,40.7980976,-81.9397733
352,45.4649805,-98.487813
353,39.8868227,-83.3937233
354,40.2981599,-111.6944313
355,42.8690271,-76.9786122
356,42.5278731,-70.9286609
357,40.898988,-74.0926418
358,40.7545006,-86.3567356
359,35.384227,-97.7244813
360,31.3151708,-85.8552161
361,38.744707,-90.3038975
362,33.5206824,-86.8024326
363,45.300347,-122.972751
364,44.9969,-123.0266267
365,41.6833813,-86.2500066
366,42.1294712,-80.0852695
367,29.300357,-99.7733181
368,30.5955289,-96.3071042
369,38.7919683,-90.3227803
370,33.44667445,-94.07714830522016
371,33.883887,-84.5147454
372,43.1834579,-89.2134359
373,42.7654433,-71.4397167
374,34.2978794,-83.8240663
375,34.1998302,-118.2005236
376,41.7123218,-72.608146
377,40.4062872,-113.1966394
378,40.8928771,-73.9726381
379,33.520849999999996,-81.96696923114902
380,40.335345,-75.9279495
381,35.042036,-89.6645266
382,40.6584358,-74.2995923
383,37.2395367,-107.82158179169292
384,40.6639916,-74.2107006
385,30.1668828,-96.3977442
386,34.0133561,-117.690075
387,32.3860733,-94.8758518
388,33.937517,-117.2305944
389,41.7189392,-83.7129935
390,34.1215947,-118.105739
391,48.2931559,-122.643224
392,34.7494749,-77.4208221
393,30.3118769,-95.4560512
394,32.8809603,-97.155012
395,46.4195913,-117.0216144
396,25.9140277,-97.4890879
397,40.1303822,-75.5149128
398,38.3031837,-77.4605399
399,25.9812025,-80.148379
400,40.75839,-82.5154471
401,43.0349931,-87.922497
402,31.3224044,-92.4343035
403,29.7335616,-95.2302123
404,37.0592253,-120.8505342
405,33.4355977,-112.349602
406,45.0460458,-93.2517802
407,39.8083196,-104.9338675
408,35.9423833,-77.7956949
409,37.4519671,-122.177992
410,27.4467056,-80.3256056
411,40.8397222,-73.8316667
412,35.7454291,-81.6870837
413,39.2908816,-76.610759
414,40.3692104,-74.1567618
415,27.816415,-80.4706078
416,39.7855096,-85.7681979
417,40.8126006,-73.999028
418,41.7579043,-70.4968152
419,35.6689767,-101.3919481
420,33.6624824,-85.8283224
421,42.40843,-71.0536625
422,40.788434,-74.1331988
423,39.0836224,-84.508371
424,41.7967221,-80.3264521
425,32.7595737,-97.4583538
426,40.7099343,-80.1060506
427,34.5258335,-82.652962
428,29.7028266,-98.1257348
429,33.1958696,-117.3794834
430,41.3775996,-71.8272911
431,38.5810606,-121.493895
432,43.1744352,-87.972722
433,32.3643098,-88.703656
434,43.7894155,-70.4083434
435,40.8893288,-74.1969657
436,41.8662197,12.5965102
437,41.6648216,-72.6392587
438,37.6535403,-122.4168664
439,39.063956,-108.5507317
440,28.7008496,-81.3465575
441,35.6150716,-87.0352831
442,36.0584021,-90.4973286
443,39.8906122,-84.1988308
444,29.299328,-94.7945882
445,35.3620235,-86.2094342
446,31.4584764,-85.6405865
447,40.7323235,-74.2348684
448,40.9796683,-74.1194403
449,39.6283928,-84.1593818
450,35.5939671,-89.262291
451,44.0998341,-87.827992
452,35.4874708,-80.621438
453,39.8286897,-84.8898521
454,31.549333,-97.1466695
455,40.1652447,-111.6114726
456,39.0089226,-94.4622103
457,25.4718946,-80.4759905
458,38.9178538,-78.1917718
459,42.8650869,-71.3739532
460,33.5966005,-83.8598742
461,39.7092262,-84.0632685
462,34.002581,-118.156586
463,41.9426657,-70.7618592
464,47.6571934,-117.42351
465,38.4423644,-105.222494
466,40.7451082,-74.2614099
467,37.598958,-122.400941
468,41.4169974,-81.6059581
469,39.8676134,-75.0946183
470,47.9673056,-122.201399
471,40.5710454,-111.8953815
472,34.257038,-85.1646726
473,35.7333312,-81.3442915
474,32.5404447,-82.903754
475,46.975371,-123.815722
476,42.5083272,-89.031784
477,34.051522,-118.129807
478,44.6688524,-90.1717987
479,35.483406,-86.4602717
480,28.9888754,-80.9022758
481,33.4946353,-117.1473661
482,37.0833893,-88.6000478
483,32.8457865,-97.0667142473263
484,41.2956496,-73.80819
485,30.2711286,-97.7436995
486,46.2804298,-119.275205
487,39.8208998,-84.0193858
488,36.2139814,-83.2948923
489,39.6502715,-75.50833325636759
490,41.0220483,-74.2430988
491,32.3528055,-90.8777342
492,42.3834278,-71.4161725
493,40.9491723,-74.2376802
494,46.2306739,-119.0921
495,32.2627416,-107.7581979
496,41.1175966,-73.4078968
497,39.5150576,-84.3982763
498,42.1589979,-72.4803259
499,34.8253019,-116.0833144
500,42.4792618,-71.1522766
501,35.8272257,-90.6949871
502,40.8223223,-74.1598663
503,44.8596498,-92.6255075
504,35.4495097,-97.3967025
505,35.9603948,-83.9210261
506,41.4673238,-82.1781904
507,45.4871723,-122.80378
508,28.9541368,-95.3596617
509,46.6832082,-68.0141431
510,35.3383254,-97.4867045
511,42.5846773,-87.8212263
512,39.3331197,-82.9824019
513,38.4404925,-122.7141049
514,36.7421089,-95.9528877
515,40.02425075,-75.62432877075015
516,40.7937116,-74.1501438
517,35.2784173,-93.1337856
518,39.983721,-104.8110775
519,43.1415519,-95.1477536
520,26.0031465,-80.223937
521,42.5267443,-71.7614891
522,39.9622601,-83.0007065
523,34.5003748,-91.5526281
524,42.9320202,-76.5672029
525,35.212870949999996,-106.71324849574629
526,32.0723862,-84.2326876
527,40.8993991,-73.8268873
528,33.9830688,-118.096735
529,41.7303794,-71.2825494
530,40.9912087,-74.0326395
531,40.385549,-105.04436132094956
532,41.6529143,-83.5378173
533,37.130408,-121.6544974
534,41.2052654,-76.0049353
535,32.9138914,-80.0088359
536,43.4252776,-88.1834277
537,40.0192445,-74.81923825
538,40.8120247,-74.1242816
539,35.1084931,-77.0441143
540,40.1045549,-74.951279
541,33.8248235,-118.0399368
542,40.03813,-76.3056686
543,42.1584324,-71.1447732
544,40.7795455,-74.0237512
545,33.9480787,-118.0691499
546,40.446495,-74.3859831
547,41.4828144,-87.3328139
548,41.5644476,-93.7594059
549,42.7742446,-73.7001187
550,41.6274511,-93.7380243
551,45.5197452,-123.1114405
552,33.8322043,-118.2517547
553,41.0534302,-73.5387341
554,40.2682199,-74.5409597
555,35.2626635,-77.5816353
556,43.438878,-70.7739832
557,37.6922361,-97.3375448
558,36.2231079,-121.387742
559,37.5164926,-122.2941914
560,40.2203907,-74.0120817
561,39.7042123,-86.3994387
562,40.7987113,-74.2390353
563,34.79981,-87.677251
564,34.0536909,-118.242766
565,48.23251,-101.296273
566,35.1595182,-84.8766115
567,33.8503463,-118.117191
568,27.7635302,-97.4033191
569,33.7556593,-96.536658
570,34.0286226,-117.8103367
571,26.8233946,-80.1386547
572,41.7809588,-71.4371257
573,42.4396039,-76.4968019
574,40.657478049999995,-75.50746464724347
575,41.497831,-81.537346
576,40.226481,-76.9005317
577,42.5256502,-71.0953314
578,40.4167022,-86.8752869
579,41.3429922,-73.0787468
580,39.7557459,-74.22073950889322
581,40.8517662,-74.229035
582,39.7082498,-91.3587413
583,43.0508945,-74.3452991
584,39.9348351,-75.0307264
585,41.3943578,-73.0741697
586,31.5782062,-84.1556809
587,26.1497977,-97.9136112
588,39.9284459,-75.2737955
589,41.311367,-105.591101
590,35.6677078,-95.9690122
591,40.2663107,-76.8861122
592,35.0867577,-89.8100858
593,40.596106,-74.237292
594,41.3909305,-72.859545
595,40.7965119,-81.5231597
596,41.0339862,-73.7629097
597,42.7777829,-71.0767724
598,41.6012796,-85.8590603
599,31.8087678,-85.969951
600,40.7127281,-74.0060152
601,34.1483499,-118.0014517
602,42.1435257,-77.0543408
603,37.4443293,-122.1598465
604,28.8117345,-81.2680223
605,39.0167275,-84.6007773
606,37.2698395,-81.2223195
607,41.5758708,-87.1761455
608,41.4447133,-75.6725673
609,40.2312713,-74.84670236269929
610,34.09751,-117.6483876
611,41.2493292,-77.0027671
612,39.0924792,-94.4137923
613,42.5195292,-70.8967226
614,40.1784279,-122.235923
615,43.309941,-73.644447
616,41.1014616,-81.4417989
617,44.0869329,-103.2274481
618,35.0717945,-81.6498195
619,33.7483311,-118.3707683
620,33.5801103,-85.0766113
621,44.811349,-91.4984941
622,42.8355775,-71.6495345
623,42.5584284,-70.8800491
624,37.1641544,-120.7678602
625,41.139981,-104.820246
626,39.7114651,-74.2779616
627,43.9145244,-69.9653278
628,30.048469,-99.1399464
629,43.1352881,-87.9356423
630,41.6020962,-87.3370647
631,40.2205944,-74.7597219
632,38.0686668,-78.8893999
633,30.4115881,-88.5344601
634,36.995906,-85.9124842
635,45.4307473,-122.771933
636,26.1594305,-97.9907362
637,42.0834335,-71.0183787
638,26.3586885,-80.0830984
639,43.5488256,-96.7307737
640,36.5432837,-119.3870656
641,41.764582,-72.6908547
642,30.820742,-88.0705556
643,40.8894611,-111.8804817
644,42.1237328,-71.1787282
645,28.5695186,-81.544117
646,26.1702082,-98.0522376
647,40.9287098,-74.0398622
648,33.79410005,-117.99510059728792
649,34.4435937,-86.9347899
650,37.1317924,-80.5764477
651,33.9170444,-117.888855
652,41.8489872,-72.5717551
653,39.9067499,-76.7008946
654,43.6063341,-72.9802826
655,42.194543,-71.1994976
656,35.4428864,-84.5930113
657,37.2638324,-122.0230146
658,34.1362075,-118.0401497
659,40.8008286,-85.5018494
660,26.1326237,-97.630791
661,38.5961694,-90.5387318
662,35.7803977,-78.6390989
663,32.753177,-97.3327459
664,42.4393707,-123.3272489
665,33.8455911,-118.3886766
666,33.458102999999994,-86.95233276079975
667,33.7489924,-84.3902644
668,33.9747806,-118.1866361
669,42.3554334,-71.060511
670,39.1404477,-121.6169108
671,39.7940026,-75.1721232
672,40.6061337,-111.9395211
673,41.8906553,-71.3922785
674,37.270973,-79.9414313
675,41.1035786,-80.6520161
676,35.0457219,-85.3094883
677,44.9271194,-93.4074945
678,26.0543154,-80.1457426
679,42.976453,-88.1090391
680,41.43535,-81.514824
681,32.7947731,-116.962526
682,39.9527237,-75.1635262
683,28.3201553,-80.736647
684,47.5653663,-122.6246836
685,40.2601096,-74.2737573
686,34.5399962,-112.468761
687,33.9827043,-118.2120343
688,46.601557,-120.510842
689,37.3228934,-122.0322895
690,39.3600586,-84.309939
691,36.8320081,-76.297699
692,32.6781085,-117.0991967
693,33.4709714,-81.9748429
694,36.3883031,-86.4475898
695,32.7762719,-96.7968559
696,40.5598127,-74.5517146
697,40.5885271,-83.1895249
698,29.6910753,-95.2092076
699,33.9694561,-118.1503953
700,34.0739016,-117.3136547
701,44.6365071,-123.1059324
702,45.8404101,-119.28946
703,43.71559405,-70.47519593022201
704,33.6170092,-117.9294401
705,38.029306,-78.4766781
706,40.9153362,-81.1059309
707,,
708,28.5977707,-81.3510264
709,39.9381682,-75.2718507
710,39.0786242,-84.4483432
711,39.9234046,-83.810138
712,44.8277446,-92.9438218
713,30.6326942,-97.6772311
714,37.0920222,-84.6041084
715,41.826488,-72.7300945
716,34.0877926,-117.8891164
717,39.017316,-94.282265
718,35.536297,-100.9601552
719,39.977818,-74.3319287
720,43.0702223,-70.7548621
721,45.4206749,-122.670649
722,36.6211149,-121.9177944
723,33.8885217,-118.3531991
724,40.201499,-77.1890783
725,40.0463001,-75.3595487
726,33.894927,-118.226624
727,32.8406946,-83.6324022
728,41.2424219,-82.6155745
729,33.9404441,-118.1292846
730,29.9482695,-93.9171155
731,25.8631515,-80.1928253
732,29.9146493,-90.0539604
733,39.1556149,-84.4596641
734,26.7050822,-80.2279519
735,34.6183433,-79.0083993
736,40.4236801,-79.8828275
737,43.134564,-70.927048
738,43.6610277,-70.2548596
739,33.0136764,-96.6925096
740,38.8051095,-77.0470229
741,42.8579536,-70.9300921
742,35.2923513,-81.5356463
743,34.2576067,-88.7033859
744,37.8225892,-122.0008254
745,39.004607,-76.8756838
746,46.8791756,-102.7896242
747,41.7002024,-71.4161108
748,41.0292217,-81.6381795
749,44.4671635,-73.1715669
750,29.3655405,-100.894698
751,37.7021521,-121.9357918
752,37.7742152,-87.1133304
753,44.5229223,-89.574111
754,42.4321064,-71.4539683
755,46.2087066,-119.119919
756,41.605327,-81.453449
757,35.9099875,-79.0752876
758,34.1394513,-117.9772873
759,41.5253792,-90.5098639
760,29.8826436,-97.9405828
761,44.0581728,-121.3153096
762,40.0179845,-74.94348457116372
763,35.120809,-120.6218376
764,41.6711395,-72.8672429
765,40.41575205,-74.41303645517515
766,30.6743643,-96.3699632
767,29.0258132,-80.9271271
768,36.1623886,-85.4997057
769,36.06523,-119.0167679
770,31.2237434,-85.3933906
771,40.5688245,-74.70027388974506
772,36.8657651,-87.4889532
773,43.4112973,-76.1279841
774,38.7098314,-93.2295515
775,35.1167484,-85.2925214
776,40.767323,-74.2048677
777,42.8142432,-73.9395687
778,40.6667841,-111.888417
779,35.412238,-85.569464
780,34.093042,-118.12706
781,35.6144446,-88.8177418
782,40.6937099,-75.1901761
783,34.2157064,-92.0140402
784,40.8646542,-74.4157768
785,35.7112642,-78.6141709
786,42.3750997,-71.1056157
787,41.8310404,-71.5412101
788,33.4487989,-86.7879492
789,40.6233995,-74.3148279
790,40.8871438,-74.0410865
791,,
792,42.9405711,-87.9959191
793,26.1275862,-80.2331036
794,43.216505,-123.3417381
795,27.9946969,-80.6366144
796,43.8830606,-91.2343539
797,43.3678937,-124.2174647
798,40.9646867,-75.9852789
799,58.3019496,-134.419734
800,40.2492741,-75.1340604
801,39.2194377,-74.7125679
802,39.839562,-75.19999632858708
803,30.2224284,-92.657085
804,32.091299,-96.4646821
805,47.0263876,-122.8072257
806,45.4440051,-122.6412523
807,38.577359,-92.1724265
808,38.8339578,-104.825348
809,43.8235163,-111.787022
810,29.6487882,-81.6372111
811,33.870413,-117.9962165
812,47.0451022,-122.8950075
813,40.4189566,-80.5895167
814,35.91537,-94.969956
815,40.518157,-74.4113926
816,39.9526127,-74.9923915
817,42.679273,-70.8411583
818,41.9667652,-71.5495071
819,32.4490141,-81.7832912
820,40.5061,-80.2082
821,31.3271189,-89.2903392
822,39.1230777,-93.1968704
823,29.5074538,-95.0949303
824,42.1939754,-70.7697128
825,42.4605189,-71.3488963
826,38.7907339,-121.2357828
827,28.3194741,-80.6102592
828,40.4418068,-79.8819609
829,37.4946568,-120.8465941
830,29.10162805,-81.01059617608054
831,41.6978777,-72.7237063
832,41.6257406,-71.166333
833,40.1612457,-80.486567
834,26.8237944,-80.05592659756701
835,37.3477174,-120.609084
836,40.3697905,-80.6339638
837,33.4270275,-117.6124179
838,41.0264862,-73.6284598
839,40.1650973,-75.7838155
840,32.7666103,-96.599472
841,37.9621457,-122.3455263
842,37.5296593,-122.0402399
843,41.5833658,-87.500043
844,27.8428025,-82.6995444
845,36.6744117,-121.6550372
846,35.2590371,-77.6484879
847,36.7291152,-108.205445
848,39.8814519,-83.0929645
849,37.3790629,-122.116578
850,38.545379,-121.744583
851,41.7700987,-72.3050803
852,41.433948,-79.706441
853,41.5571178,-83.6279321
854,26.1907543,-97.6960599
855,38.5714624,-76.0763177
856,35.1816047,-111.6165953319917
857,35.7059114,-77.9175714
858,40.7399785,-84.105006
859,27.7522487,-98.0697249
860,40.6178915,-75.3786521
861,31.3471741,-109.5383567
862,35.7079146,-79.8136446
863,41.5322592,-87.2550353
864,28.7099337,-100.493813
865,35.5759086,-92.4916144
866,34.9248667,-81.0250784
867,27.3365805,-82.5308545
868,32.8295183,-96.9442177
869,29.6519684,-82.3249846
870,26.16715525,-80.20493869767097
871,36.2516475,-118.852583
872,32.9299655,-97.2271249
873,33.0283854,-97.0867203
874,33.9528472,-84.5496148
875,32.673188,-97.4605759
876,31.8912717,-85.1454876
877,35.9131542,-79.05578
878,39.6428362,-84.2866083
879,36.6103334,-88.314761
880,39.7596061,-121.6219177
881,34.7370639,-82.2542834
882,37.6624312,-121.8746789
883,35.6630196,-95.3927706
884,38.2967791,-85.7602087
885,33.9708782,-118.030839
886,34.0686208,-117.9389526
887,40.657478049999995,-75.50746464724347
888,41.5644798,-87.5125412
889,38.7521235,-121.2880059
890,42.3317642,-71.1211635
891,40.2464615,-75.33259425879342
892,33.857328,-84.0199108
893,44.311461,-96.79844
894,35.2521996,-92.6888936
895,34.7736807,-86.5675095
896,35.3414745,-89.8973084
897,41.5243537,-72.0759008
898,33.1384886,-95.6010143
899,39.6430455,-77.7191081
900,42.7292465,-87.851473
901,41.4169806,-87.3653136
902,43.0821793,-73.7853915
903,41.4501021,-71.4495005
904,33.5965685,-117.659405
905,42.8808677,-71.3264492
906,37.6688205,-122.080796
907,40.4959379,-74.4243178
908,44.4493584,-88.0599986
909,39.100105,-94.5781416
910,40.3451095,-74.1840322
911,38.9431183,-84.544109
912,40.28386695,-75.93718261371077
913,40.5885508,-73.6582631
914,41.7313063,-111.8349145
915,39.977763,-105.1319296
916,41.7620447,-72.7420399
917,32.4240286,-85.6916195
918,42.8620287,-112.450627
919,33.4942189,-111.9260184
920,27.197983,-80.2519175
921,40.676207,-74.56335484708535
922,42.1324443,-71.6498211
923,40.806767,-74.1854226
924,32.4709519,-100.405938
925,40.0401991,-86.8990249
926,37.9735346,-122.5310874
927,35.4140081,-99.4138648
928,39.4850848,-80.1425781
929,37.6138253,-122.4869194
930,41.9220433,-71.549507
931,34.8957684,-117.0172077
932,37.226611,-121.9746797
933,40.5792701,-74.4115401
934,43.0962919,-89.5119565
935,42.6839894,-71.1127065
936,32.9265137,-96.8961151
937,42.4917301,-71.2817947
938,42.5704456,-114.4602554
939,40.033814,-83.1596108
940,42.0774779,-78.4298613
941,29.4238472,-95.2441009
942,33.4717732,-86.8008228
943,40.70972275,-74.30569336998289
944,39.9720138,-74.6828841
945,39.1014537,-84.5124602
946,33.7085883,-117.7926096
947,35.613224,-77.3724593
948,31.124062,-97.9030785
949,32.6915199,-117.1766947
950,42.0558065,-71.6356311
951,39.6411589,-85.1410748
952,33.4918203,-80.8556476
953,25.7076017,-80.2933846
954,40.7464901,-74.1562551
955,30.7387998,-88.0788889
956,39.2318998,-84.1601458
957,34.0923014,-118.3692894
958,40.9999202,-80.3471856
959,32.4610708,-84.9880449
960,38.2000701,-85.8227413
961,33.2095614,-87.5675258
962,41.3604966,-93.5613292
963,41.621488,-72.7456519
964,40.047041,-78.642102
965,29.6657838,-95.0193729
966,30.0860459,-94.1018461
967,33.3527632,-111.789037
968,28.6714702,-81.3382005
969,34.1652304,-84.7997613
970,41.4996574,-81.6936772
971,42.3196015,-71.6422408
972,38.8611619,-86.4872149
973,40.6337136,-74.4073737
974,40.70972275,-74.30569336998289
975,42.1552232,-71.008958
976,33.6534427,-84.4493725
977,29.9060388,-90.1422962
978,41.8239891,-71.4128343
979,44.310545,-69.7792759
980,45.3573429,-122.6067583
981,44.5520105,-69.6317121
982,37.990079,-84.1796503
983,39.0131871,-82.6089043
984,41.8500997,-71.4661703
985,40.610014750000005,-75.55770769383142
986,37.5963232,-122.0816297
987,40.829822,-74.2401466
988,42.2417669,-70.8897676
989,43.70953,-98.025379
990,40.1083912,-83.7524298
991,30.8327022,-83.2784851
992,35.359542,-83.8337785
993,45.3834983,-88.0409574
994,40.3492744,-74.6592958
995,35.8831786,-80.081817
996,36.3320197,-94.1185366
997,40.6255415,-103.207709
998,33.924831,-118.2024154
999,41.1312069,-74.3673748
1000,43.0116784,-88.2314813
1001,32.65232605,-85.45560549441299
1002,32.7678288,-117.0230839
1003,48.7544012,-122.478836
1004,35.996653,-78.9018053
1005,38.0171441,-122.2885808
1006,39.7589478,-84.1916069
1007,41.1596261,-81.4406258
1008,41.5524614,-71.27037832834264
1009,38.9695316,-77.3859479
1010,32.9552598,-97.0155703
1011,33.7192808,-116.2188054
1012,41.3556187,-72.0997804
1013,42.0504498,-72.5824639
1014,37.88687,-122.2977475
1015,36.0956918,-79.4377991
1016,40.7887367,-82.2360391
1017,34.1361187,-117.865339
1018,37.3688301,-122.036349
1019,40.0689709,-75.46235478363613
1020,30.0035365,-91.8187285
1021,40.6149174,-111.9106607
1022,37.6820583,-121.768053
1023,44.2780432,-88.2720503
1024,41.2682462,-110.963758
1025,34.1921466,-82.161424452277
1026,40.0455918,-86.0085955
1027,42.1865609,-71.30546
1028,38.951883,-92.3337366
1029,31.7865623,-106.441207
1030,32.5920798,-96.7561083
1031,42.0869493,-71.4746436
1032,39.9734957,-74.3816966
1033,40.1672117,-105.1019287
1034,31.4351645,-97.743911
1035,40.2852895,-74.333495
1036,40.6984348,-74.4015405
1037,42.3095704,-71.4413097
1038,40.866517,-124.08284
1039,36.5092119,-86.8849984
1040,36.4884715,-79.7667026
1041,26.2378597,-80.1247667
1042,44.1538845,-87.5692479
1043,39.9670569,-74.9426677
1044,38.8950368,-77.0365427
1045,40.5395421,-75.4968502
1046,43.1116731,-88.4992659
1047,37.504936,-122.261823
1048,40.1637359,-76.3952429
1049,39.920425,-80.7432124
1050,43.074761,-89.3837613
1051,30.3646795,-88.5585995
1052,39.9831616,-75.8238355
1053,39.0889469,-84.4919524
1054,25.8223198,-80.289495
1055,33.1216751,-117.0814849
1056,33.9188589,-118.3483256
1057,38.7566055,-90.42352
1058,32.6400541,-117.0841955
1059,33.7288179,-116.382571
1060,,
1061,42.3370414,-71.2092214
1062,43.0883957,-87.8881302
1063,36.3126005,-95.6160686
1064,33.7839664,-116.9589086
1065,27.7903032,-97.6688843
1066,35.7882893,-78.7812081
1067,33.677474,-116.2958789
1068,39.2681145,-84.4132779
1069,40.7596198,-111.886797
1070,27.0999188,-82.4543597
1071,44.0462362,-123.0220289
1072,34.2677404,-118.7538071
1073,37.1716264,-119.7737991
1074,27.9908529,-82.6931553
1075,39.4278253,-86.428328
1076,41.7198216,-72.8320435
1077,34.6731323,-86.0338765
1078,41.4739419,-81.5370671
1079,42.0501373,-71.8803308
1080,41.153947,-80.701466
1081,39.1670396,-86.5342881
1082,40.9180005,-111.8721601
1083,42.6990321,-73.1118964
1084,34.08846885,-81.1802101384121
1085,36.9903199,-86.4436018
1086,40.0154155,-105.270241
1087,40.923798,-74.661105
1088,43.0166806,-88.0070315
1089,41.3897764,-81.4412259
1090,47.4799078,-122.2034496
1091,39.4862777,-75.0254256
1092,30.4764878,-96.6353488
1093,39.3898388,-74.5240422
1094,41.1828353,-80.765358
1095,36.6915262,-79.8725386
1096,42.5797194,-72.2159994
1097,47.7598697,-122.2068288
1098,36.1198589,-80.0736533
1099,29.4246002,-98.4951405
1100,42.506484,-71.0728306
1101,40.7959335,-74.3148713
1102,41.5524614,-71.27037832834264
1103,40.7520097,-80.3192295
1104,34.4263886,-117.3008784
1105,40.86108,-79.895197
1106,31.5545973,-110.2997756
1107,29.5641617,-98.2695702
1108,30.2043259,-92.0298813
1109,40.2648377,-75.39131985484991
1110,35.9018987,-92.7098744
1111,41.7189392,-83.7129935
1112,40.0930945,-83.0179593
1113,41.5536529,-87.4520484
1114,41.1414855,-73.3578955
1115,33.046233,-96.994174
1116,35.0421234,-97.9440297
1117,39.3820672,-74.6171489
1118,41.534507,-87.4255305
1119,33.4017766,-86.954437
1120,37.5482697,-121.988571
1121,42.2836393,-71.346996
1122,35.2225717,-97.4394816
1123,32.4284761,-90.1323087
1124,40.3492744,-74.6592958
1125,33.6995565,-84.7622973
1126,37.3893889,-122.0832101
1127,40.9253766,-73.9629154
1128,34.1812089,-118.307201
1129,43.28243305,-78.70764889735142
1130,,
1131,34.1616729,-118.052845
1132,41.7034082,-71.2844401
1133,42.8858503,-87.8631362
1134,25.7741728,-80.19362
1135,38.4784144,-82.6379387
1136,33.1838787,-97.1413417
1137,40.9242652,-74.3020933
1138,37.6261715,-122.433243
1139,43.207178,-71.537476
1140,41.0389186,-76.4191791
1141,41.2222218,-73.0570603
1142,33.7810031,-116.464076
1143,41.9903787,-70.9750426
1144,35.925206,-86.8689419
1145,30.2751945,-89.7811745
1146,33.9620584,-118.1835395
1147,43.5009176,-70.4428286
1148,41.2784304,-73.0256609
1149,31.179998,-83.7887928
1150,34.02332,-84.360022
1151,41.6362152,-70.934205
1152,35.0142412,-85.2519003
1153,40.3267407,-78.9219698
1154,39.9829308,-75.7652424
1155,29.0338575,-95.4343859
1156,35.3784666,-94.3996456
1157,33.7475203,-116.9719684
1158,33.5428006,-111.9556001
1159,37.8044557,-122.271356
1160,36.5963395,-119.450402
1161,38.8945939,-121.0739897
1162,35.1185869,-120.590725
1163,40.7451356,-75.3289302
1164,37.0300969,-76.3452057
1165,38.5804609,-121.530234
1166,33.1731716,-86.2516406
1167,26.275636,-80.0872654
1168,42.4636881,-79.3001157
1169,38.1040864,-122.2566367
1170,36.2381082,-90.0551598
1171,33.9463456,-118.200981
1172,33.86428,-118.39591
1173,40.2142419,-75.30415601106138
1174,41.8759152,-72.8012211
1175,42.3264181,-122.8718605
1176,42.5006243,-90.6647985
1177,42.8336422,-88.7292679
1178,39.9403995,-105.05208
1179,41.4553232,-81.9179174
1180,26.615891,-80.0691435
1181,32.6518004,-96.9083366
1182,34.1984435,-79.7671658
1183,32.9786566,-115.530267
1184,41.0573188,-74.1409771
1185,25.9873137,-80.2322706
1186,42.2501425,-71.065573
1187,33.7494951,-117.8732213
1188,42.4648183,-71.010051
1189,36.374499,-99.2455382
1190,43.2625585,-70.8645872
1191,39.9935959,-105.0897058
1192,32.2044416,-95.854914
1193,41.5695241,-75.6321327
1194,,
1195,42.3709299,-71.1828321
1196,33.6795531,-84.4393724
1197,40.3913195,-74.3328038
1198,40.34217545,-75.23457505027287
1199,38.6772691,-87.5286325
1200,30.4380832,-84.2809332
1201,40.7598227,-74.417097
1202,46.1377048,-122.934462
1203,41.7407661,-71.3084633
1204,25.72149,-80.2683838
1205,40.9332051,-74.6600975
1206,47.1849009,-122.29214
1207,30.4943669,-92.4176324
1208,,
1209,34.14791,-118.7657042
1210,42.1618005,-71.0424838
1211,45.5202471,-122.674194
1212,41.2397997,-77.0527459
1213,42.3913088,-71.5678236
1214,39.8915022,-75.0376707
1215,33.0890094,-96.8863922
1216,34.1477558,-119.1951559
1217,32.5184775,-92.1476353
1218,43.0578479,-88.1261984
1219,39.6895036,-84.1688274
1220,34.6391501,-120.4579409
1221,39.9945084,-83.0624078
1222,38.8467082,-91.9479586
1223,31.9973662,-102.077948
1224,45.4997475,-122.4309766
1225,40.7684342,-74.1454214
1226,40.7899291,-74.0566735
1227,40.2434599,-76.796745
1228,40.3898188,-74.1162152
1229,35.1477774,-114.568298
1230,44.694285,-75.486374
1231,41.4020382,-74.3243191
1232,42.3020436,-70.9078243
1233,42.0028761,-71.5147839
1234,41.6720318,-73.0528893
1235,40.1229002,-74.86447057681232
1236,34.285558,-118.8820414
1237,31.4549719,-83.5108284
1238,40.875891,-81.4023356
1239,35.3272928,-96.9253004
1240,35.3738712,-119.0194639
1241,44.0206919,-88.5408574
1242,41.113429,-74.2454254
1243,39.8726184,-74.2951444
1244,40.4416941,-79.9900861
1245,41.7320796,-93.605092
1246,42.498275,-92.3328743
1247,41.394817,-73.4540111
1248,41.2428742,-73.2006687
1249,42.283828,-71.7172866
1250,32.3512601,-95.3010624
1251,37.9479786,-122.0607963
1252,33.2442813,-86.8163773
1253,32.5447756,-94.3661004
1254,37.9020731,-122.0618702
1255,42.4523178,-71.1369982
1256,36.3349115,-86.70533913302022
1257,34.0922335,-117.435048
1258,33.8752945,-117.5664449
1259,46.1882007,-123.8319802
1260,40.2890734,-74.0927967
1261,30.9038252,-84.5754768
1262,29.9759983,-90.0782127
1263,37.496904,-122.3330573
1264,40.7182356,-74.3592296
1265,32.5007031,-94.74049
1266,40.9012101,-74.5143232
1267,41.4819932,-81.7981908
1268,40.3275697,-80.0394977
1269,30.7235263,-95.5507771
1270,37.4688273,-122.141075
1271,31.8457149,-102.367687
1272,40.4539249,-74.476545
1273,32.4078632,-87.0207473
1274,33.772401,-89.7674875
1275,33.9323307,-117.5508901
1276,42.9288944,-88.8370509
1277,41.6332267,-70.9879928
1278,38.0138934,-122.1338674
1279,33.772179449999996,-116.49529769683984
1280,30.6035255,-87.9036047
1281,29.6196787,-95.6349463
1282,41.3473413,-83.1134972
1283,34.5038393,-93.0552437
1284,38.9013729,-77.2651762
1285,36.7394421,-119.7848307
1286,42.6159286,-70.6619888
1287,33.8036545,-118.3195014
1288,39.1697626,-91.8829484
1289,33.8069945,-85.75978290167376
1290,36.3274502,-119.6456844
1291,37.7665947,-120.8471545
1292,35.9288199,-89.9073557
1293,39.9289351,-85.3702477
1294,26.2445263,-80.206436
1295,31.2909782,-92.4616292
1296,39.8381691,-75.1526774
1297,41.1953739,-73.4378988
1298,46.7323875,-117.0001651
1299,33.2115087,-92.6650144
1300,35.532198,-97.9550578
1301,36.0346393,-89.3857496
1302,40.8409329,-74.3018154
1303,31.924473,-106.415352
1304,39.7886111,-82.6418883
1305,39.2236694,-84.4421641
1306,36.1563122,-95.9927516
1307,34.0775104,-117.6897776
1308,45.1037582,-123.984376
1309,26.6059432,-81.9806771
1310,30.2140928,-92.3745761
1311,38.4493315,-78.8688833
1312,38.9582307,-122.626372
1313,33.4484367,-112.074141
1314,37.1241861,-76.3921461
1315,42.7262016,-71.1908924
1316,39.287002,-84.4852213
1317,34.8150907,-92.2243153
1318,40.0992294,-83.1140771
1319,39.3176158,-74.594601
1320,34.1742611,-97.1436254
1321,28.8026443,-96.9766308
1322,43.5909038,-70.3395776
1323,34.9799429,-101.919197
1324,40.0639616,-80.7209149
1325,33.5426975,-117.785366
1326,32.7287413,-96.6227714
1327,36.0301134,-114.9826194
1328,41.2753589,-75.8501955
1329,31.5970503,-94.5927451
1330,41.4825947,-73.4095652
1331,28.148082950000003,-82.74380159717906
1332,39.2776156,-74.5746001
1333,33.5386858,-112.185994
1334,44.1858193,-88.462609
1335,42.0171798,-93.9254114
1336,39.84326505,-75.43549516346835
1337,42.4699241,-70.9171507
1338,36.2452294,-101.8858689
1339,32.7940651,-79.8625851
1340,38.368429,-81.69957
1341,36.1672559,-115.148516
1342,44.9596017,-89.6298239
1343,42.3875968,-71.0994968
1344,41.114485,-83.1779537
1345,32.9481789,-96.7297206
1346,48.5020123,-122.623735
1347,40.59782395,-75.51061576238621
1348,43.6763036,-70.3663874
1349,42.566751,-70.9368313
1350,34.0676169,-118.0879763
1351,31.963778,-95.2705042
1352,32.8342952,-97.2289029
1353,25.7929198,-80.1353006
1354,41.4143826,-81.5061146
1355,40.5431598,-74.3632049
1356,41.146763,-73.4948446
1357,41.5860557,-109.2194544
1358,39.9390017,-75.2554605
1359,39.4562528,-77.9639604
1360,36.5277607,-87.3588703
1361,31.0560132,-97.464453
1362,41.7010642,-71.1546367
1363,40.2154361,-75.3702305
1364,39.9448402,-75.1198911
1365,29.9743803,-93.9923965
1366,38.6282707,-90.3191285
1367,34.8245521,-102.398778
1368,41.9281305,-72.643631
1369,37.4332273,-121.8989248
1370,30.1990738,-102.0974881
1371,44.8755183,-91.9193422
1372,34.3541659,-119.0592705
1373,38.2493581,-122.039966
1374,44.3683644,-100.351136
1375,40.518681,-78.394736
1376,34.1064001,-117.3703235
1377,36.1867442,-94.1288142
1378,32.3086744,-90.1983063
1379,31.2220381,-90.4605651
1380,36.2956836,-76.2247697
1381,41.9816944,-72.6506604
1382,47.1301417,-119.278077
1383,41.1536674,-81.357886
1384,,
1385,46.910544,-98.708436
1386,33.8038865,-118.0772433
1387,39.978734,-74.561568
1388,42.0987125,-75.9125262
1389,30.1600827,-85.6545729
1390,42.2212188,-70.9391625
1391,41.0321808,-87.1066598
1392,29.2108147,-81.0228331
1393,37.3043154,-77.2872001
1394,40.4897871,-81.4456706
1395,32.851034,-96.79257966216876
1396,40.650392499999995,-74.26088332752404
1397,33.8998826,-80.3237032
1398,32.357365099999996,-97.4091216963166
1399,39.7342825,-74.9182198
1400,41.3325962,-73.2073358
1401,40.4071138,-74.2216287
1402,33.9866807,-118.185349
1403,36.703647,-97.081898
1404,32.3944908,-96.8439365
1405,42.2000966,-71.4245049
1406,42.1413353,-71.5192019
1407,37.6774238,-113.061827
1408,40.9397796,-74.1312504
1409,40.8860164,-74.0072568
1410,27.9094665,-82.7873244
1411,45.0313156,-93.3395843
1412,41.3223611,-73.0890324
1413,34.28497,-118.437652
1414,38.5800713,-90.4069177
1415,39.7221906,-86.0894158
1416,34.0966764,-117.7197785
1417,37.9559513,-90.879099
1418,40.5462553,-74.4660408
1419,45.3656761,-122.612314
1420,39.2085354,-84.5501874
1421,42.5903661,-71.8119837
1422,41.4219889,-82.3646068
1423,39.8063247,-76.9842735
1424,41.8006523,-73.1212214
1425,42.6829765,-89.0226793
1426,39.8512162,-74.9619779
1427,33.1570582,-94.9694007
1428,35.4798757,-79.1802994
1429,33.5019459,-86.7556834
1430,41.5524614,-71.27037832834264
1431,28.6149968,-96.6260892
1432,26.4614625,-80.0728201
1433,42.3667625,-71.3031132
1434,40.7244443,-74.3069069
1435,28.0197404,-82.7717684
1436,37.9577016,-121.2907796
1437,41.0461704,-73.7900977
1438,34.1847936,-101.7068417
1439,40.9074237,-74.1183543
1440,39.3405045,-74.4773916
1441,43.157285,-77.615214
1442,47.6694141,-122.1238767
1443,33.8714814,-117.8617337
1444,32.707667,-103.1311314
1445,40.8164458,-74.2210643
1446,37.5949316,-120.9577098
1447,44.5645659,-123.2620435
1448,43.1790768,-88.1170784
1449,40.8042674,-74.012084
1450,30.6867339,-88.0848929
1451,29.5957696,-90.7195348
1452,28.6702526,-81.2084941
1453,39.4667025,-87.4139119
1454,42.2606614,-71.4641337
1455,39.8005505,-105.0811573
1456,36.098007,-119.5604015
1457,40.701213,-74.2301459
1458,42.1417653,-71.2494985
1459,37.7249296,-122.1560768
1460,41.6062078,-73.1181658
1461,40.3640349,-111.7386884
1462,33.3967829,-84.5957629
1463,41.8098209,-72.8306541
1464,40.28538615,-74.79518705108711
1465,61.2163129,-149.894852
1466,42.105237,-72.6213712
1467,40.7970382,-74.4809868
1468,44.4582041,-93.161159
1469,31.098207,-97.3427847
1470,26.1892409,-98.1552872
1471,39.6136578,-86.1066526
1472,32.7357287,-101.9550202
1473,40.9008923,-80.8567502
1474,42.5896205,-72.6110645
1475,28.8527675,-81.6853534
1476,41.4086874,-75.6621294
1477,34.1976308,-119.1803818
1478,40.9275987,-73.9973608
1479,33.7825194,-117.2286478
1480,35.3501426,-80.2000578
1481,35.1460249,-90.0517638
1482,38.8400395,-86.4880717
1483,40.8570442,-74.0215285
1484,39.6365056,-74.8023853
1485,,
1486,32.5102427,-92.1032411
1487,39.415779,-77.4127562
1488,48.4200462,-122.32642
1489,40.5052296,-74.6732941
1490,37.557252,-122.362529
1491,33.7500378,-117.8704931
1492,31.2135511,-82.3540178
1493,41.6664781,-81.3399769
1494,40.7856117,-74.0093129
1495,37.9060368,-122.5449763
1496,28.2678746,-98.101923
1497,34.1861922,-103.334397
1498,40.16495635,-74.77650662471181
1499,38.7509488,-77.4752667
1500,33.7872386,-118.401813
1501,37.81623435,-121.22178815385232
1502,47.2495798,-122.439874
1503,41.6862224,-70.0758508
1504,41.9287812,-74.0023702
1505,34.8045487,-86.9711698
1506,34.9381361,-82.2272119
1507,46.2055155,-118.5174284
1508,35.3848841,-77.9927651
1509,30.2072293,-93.2061609
1510,44.9391565,-123.033121
1511,40.7433066,-74.0323752
1512,43.0481221,-76.1474244
1513,26.1666888,-80.2787573
1514,39.158168,-75.5243682
1515,38.55881599999999,-90.3757777162534
1516,41.2756115,-72.52853197757256
1517,39.4101171,-74.3645906
1518,42.5823564,-71.9831716
1519,40.9628758,-74.1329208
1520,42.2139873,-71.2244987
1521,39.7765048,-74.8623849
1522,40.1784423,-74.89305746907641
1523,33.4503998,-88.8183872
1524,39.427337,-75.2340768
1525,40.0394982,-84.2032767
1526,43.5278546,-71.470351
1527,34.5008311,-117.1858759
1528,42.451302,-73.260018
1529,32.9337381,-97.0788754
1530,39.8976132,-75.0960074
1531,43.3260376,-71.6854725
1532,34.5793131,-118.1171108
1533,33.917028,-118.4156337
1534,33.7746292,-117.9463717
1535,40.8214894,-73.9876388
1536,32.4707862,-93.7559378
1537,37.6456488,-84.7721823
1538,34.11213,-117.1807973
1539,26.318342,-80.0996306
1540,43.1009031,-75.2326641
1541,33.5723191,-81.6182086
1542,33.8708215,-117.9294165
1543,38.7544952,-90.3312256
1544,44.9772995,-93.2654692
1545,38.9989499,-84.6266111
1546,42.453492,-75.0629531
1547,34.3988838,-119.5184564
1548,41.7481575,-71.1897684
1549,34.0709576,-84.2747329
1550,41.8525984,-72.6437022
1551,37.8806341,-84.5729961
1552,44.0978509,-70.2311655
1553,46.7207737,-92.1040796
1554,33.9934867,-81.0739826
1555,42.4184296,-71.1061639
1556,36.3967623,-97.8791341
1557,38.0043667,-122.2988587
1558,36.3456186,-94.2670404
1559,36.1156306,-97.0585717
1560,37.7385507,-121.4201395
1561,40.9050988,-74.2098679
1562,43.0020919,-89.423817
1563,26.640628,-81.8723084
1564,40.7695457,-74.0204177
1565,32.5888072,-96.9553675
1566,33.5634402,-101.8792389
1567,29.9942265,-90.2417806
1568,44.797194,-106.956179
1569,34.0159398,-118.111975
1570,33.8312185,-87.2775053
1571,35.6571367,-97.4649038
1572,43.4577692,-88.837329
1573,46.1421249,-122.905299
1574,33.3943282,-104.5229518
1575,36.7183708,-76.2466798
1576,34.1033192,-117.5751735
1577,43.4887907,-112.03628
1578,43.9416755,-90.6397264
1579,41.358659,-72.1519367
1580,28.1067315,-81.6287423
1581,39.9692378,-82.936864
1582,35.5283506,-108.743907
1583,36.0525993,-95.7908195
1584,39.1044123,-76.8669233
1585,26.2159066,-98.3252932
1586,43.7128967,-87.9370433
1587,36.3134398,-82.3534728
1588,40.1023909,-84.6332986
1589,32.5897831,-96.8570183
1590,35.6009498,-82.5540161
1591,39.2903353,-84.5041108
1592,44.3917589,-89.8228767
1593,41.3953304,-81.6762392
1594,40.092024,-74.21219645621468
1595,38.88974405,-77.04086075512475
1596,32.9029017,-96.56388
1597,39.6526498,-78.762383
1598,37.6090291,-121.899142
1599,41.9667666,-71.1869939
1600,41.5110434,-112.0154991
1601,35.0081474,-90.7898342
1602,33.3062031,-111.8411851
1603,39.5404679,-119.7487235
1604,40.76639995,-73.7738780089654
1605,42.850682,-77.31914542488306
1606,40.3732693,-79.9756206
1607,34.0280619,-117.953097
1608,31.8477347,-81.5960705
1609,44.4752606,-88.060735
1610,38.366027,-75.6009964
1611,41.7695463,-71.128656
1612,33.898917,-118.171005
1613,41.1715361,-112.0273739
1614,39.9028913,-74.9218327
1615,37.8243715,-122.231635
1616,40.9406541,-73.9968051
1617,64.837845,-147.716675
1618,36.0325687,-86.7825235
1619,34.1338751,-117.9056046
1620,33.6258504,-97.1332963
1621,29.7052284,-95.1238204
1622,43.1133445,-87.9000856
1623,28.2918995,-81.4075838
1624,29.9988312,-95.2621553
1625,39.7392364,-104.984862
1626,41.6612104,-72.7795419
1627,40.844265,-74.58572175018249
1628,36.8524545,-121.4016021
1629,44.883607,-68.672791
1630,44.9371325,-91.3932118
1631,47.5602073,-122.22014226861953
1632,33.4151005,-111.8314552
1633,42.8867166,-78.8783922
1634,40.1743052,-74.0902219
1635,42.064906,-72.5129296
1636,34.010929,-85.9989596
1637,41.5623178,-72.6509061
1638,26.9297836,-82.0453664
1639,41.1912782,-111.9678627
1640,41.1670412,-73.2048348
1641,29.396013,-94.9175485
1642,41.0095417,-74.1729222
1643,42.7656251,-71.4677032
1644,37.8403456,-85.9491298
1645,44.4761601,-73.212906
1646,42.2495463,-72.582258
1647,31.3386242,-94.7288558
1648,41.2620137,-75.897197
1649,39.81811999999999,-74.97996221777835
1650,40.2688105,-74.8006895
1651,29.16941,-95.4318847
1652,43.020445,-71.600257
1653,39.8918622,-75.1161897
1654,39.7881233,-86.2407144
1655,,
1656,43.2219088,-87.9822969
1657,35.5067259,-97.7625386
1658,42.9105722,-87.8606367
1659,37.7648021,-121.9544387
1660,40.3818728,-74.5317663
1661,38.9786401,-76.492786
1662,31.7606732,-93.0860209
1663,41.6718684,-70.3499234
1664,37.3280037,-87.4986989
1665,34.1209292,-93.053784
1666,32.2731475,-89.9868058
1667,40.1353168,-75.03499300040215
1668,43.0494122,-88.0079271
1669,34.0854739,-117.9611761
1670,26.1403635,-80.2133808
1671,34.7743383,-96.6783651
1672,40.3372785,-79.74820739087984
1673,42.048881,-92.9122672
1674,34.8785,-76.9014457
1675,42.5464828,-71.1736669
1676,40.2601096,-74.2737573
1677,33.4254259,-94.0430937
1678,34.7740495,-79.4628248
1679,40.9913216,-73.6725625
1680,39.9100858,-104.987552
1681,35.9787638,-114.8337739
1682,36.2165362,-81.6746158
1683,33.8644291,-118.0539323
1684,41.6397857,-87.4548466
1685,45.5228939,-122.989827
1686,41.5235808,-90.5770967
1687,41.05526675,-74.61166669239594
1688,29.5293998,-95.2010447
1689,31.0746347,-97.6590473
1690,46.3246419,-120.0081898
1691,28.4008319,-97.7483312
1692,33.2670725,-93.2393341
1693,34.0339031,-117.313654
1694,41.3144733,-81.83511
1695,32.7355816,-97.1071186
1696,42.2694308,-71.6129907
1697,41.454944,-71.5394738
1698,26.1223084,-80.1433786
1699,37.0065078,-121.5631723
1700,32.89782,-94.554864
1701,37.2555718,-77.4112016
1702,32.9537349,-96.8902816
1703,30.1228634,-93.9041169
1704,41.9789387,-72.5755109
1705,40.9600102,-74.2974765
1706,37.1298517,-80.4089389
1707,36.7282096,-76.5835703
1708,41.3359327,-71.9059042
1709,34.1082994,-118.0577568
1710,27.5236998,-99.497352
1711,39.5261206,-119.8126581
1712,40.8509333,-73.9701382
1713,41.3197763,-81.6267904
1714,37.5780965,-122.3473099
1715,38.8108097,-94.5313502
1716,36.8529841,-75.9774183
1717,37.693952,-85.8591285
1718,36.3548586,-79.6644748
1719,34.8269276,-82.5817053
1720,32.6200973,-83.606568
1721,27.9477595,-82.458444
1722,43.1981117,-70.8739761
1723,39.2214765,-94.5719748
1724,33.6633386,-117.903317
1725,40.328958,-79.6411537
1726,29.5688411,-97.9647269
1727,34.769536,-92.2670941
1728,35.8460396,-86.3921096
1729,32.7180803,-100.918231
1730,44.290635,-105.501876
1731,30.5168639,-86.482172
1732,28.9827565,-95.969402
1733,40.3611643,-83.7596557
1734,42.091769,-70.7055941
1735,43.643032,-72.251587
1736,47.8105738,-122.3774952
1737,39.9909398,-75.7802235
1738,39.9181686,-75.071284
1739,39.8366528,-105.0372046
1740,41.412387,-73.31153913634024
1741,39.1154496,-77.5645446
1742,34.1469416,-118.2478471
1743,44.7980186,-93.5268986
1744,46.877229,-96.789821
1745,42.905848,-88.1389779
1746,38.6613007,-90.4423653
1747,34.6981064,-118.1366153
1748,42.2368772,-71.9112404
1749,29.1871986,-82.1400923
1750,36.8746177,-94.877374
1751,36.9775016,-76.42977
1752,40.7312123,-74.2734808
1753,28.106471,-80.6371513
1754,33.6956461,-78.8900409
1755,41.5290933,-109.466473
1756,27.6387163,-80.3975399
1757,42.6697695,-71.6030963
1758,40.3592589,-76.2582849
1759,37.9357576,-122.347748
1760,40.3100446,-75.1304588
1761,40.86108,-79.895197
1762,40.4775681,-79.7589356
1763,38.1942356,-85.5644033
1764,37.0841838,-94.5133385
1765,41.8382921,-72.4663331
1766,42.4473175,-71.2245003
1767,37.8708393,-122.272863
1768,40.3768064,-111.7959146
1769,35.4894169,-120.6707255
1770,26.1947962,-98.1836216
1771,39.4353373,-84.2029922
1772,39.4167742,-81.4548392
1773,25.8900949,-80.1867138
1774,33.9919761,-96.3776762
1775,28.810823,-81.8778582
1776,41.4942021,-87.5217068
1777,36.8448348,-76.2863999
1778,33.9092802,-118.0849169
1779,39.9597213,-75.6059638
1780,40.4015814,-74.2376067
1781,46.9970635,-120.545122
1782,41.4570418,-72.8231552
1783,32.5232053,-92.637927
1784,29.6185669,-95.5377215
1785,40.0580258,-84.2236524
1786,41.7142665,-72.6525922
1787,40.7074741,-111.8882709
1788,39.4020593,-75.0393368
1789,34.1476452,-118.1444779
1790,35.9556924,-80.0053176
1791,35.2045329,-89.8739753
1792,39.9928898,-74.7876624
1793,41.3164856,-73.0931641
1794,33.8901096,-117.8249705
1795,47.6144219,-122.192337
1796,29.1658158,-81.0044995
1797,41.7412166,-70.5989196
1798,29.7057858,-95.4588299
1799,39.7284945,-121.8374777
1800,40.8083909,-82.9754649
1801,34.851354,-82.3984882
1802,40.277883,-79.5035993788097
1803,38.7316375,-82.9965441
1804,42.981477,-70.9478343
1805,43.1524574,-93.2017941
1806,47.8278656,-122.3053932
1807,42.0714907,-70.8092074
1808,38.6569083,-90.3103443
1809,34.0924285,-98.5705336
1810,40.4862174,-74.4518173
1811,38.2856247,-85.8241312
1812,40.8823215,-74.0831971
1813,29.5571825,-95.8085623
1814,38.7624373,-93.7409596
1815,41.5034271,-74.0104179
1816,41.0787079,-73.4692873
1817,34.2257282,-77.9447107
1818,41.3275971,-72.7673198
1819,38.6786109,-121.7733285
1820,47.398829,-122.3099093
1821,37.9154056,-122.301411
1822,33.4000633,-91.0551312
1823,39.4201137,-92.4364298
1824,42.500096,-70.8578253
1825,37.1968298,-93.2946576
1826,41.0053753,-74.2907042
1827,33.350376499999996,-86.83440279644964
1828,33.6856969,-117.8259819
1829,41.1135837,-112.0244841
1830,32.2690953,-102.6042447
1831,,
1832,40.8174216,-74.3954057
1833,46.874967,-96.900362
1834,42.2121887,-71.6849585
1835,40.9167654,-74.171811
1836,31.1499528,-81.4914894
1837,36.0005035,-96.1049612
1838,35.4729886,-97.5170536
1839,41.7823216,-72.6120346
1840,40.1053196,-85.6802541
1841,30.3674198,-89.0928155
1842,30.8365815,-83.9787808
1843,32.5369356,-93.6952689
1844,40.4278841,-74.415984
1845,39.8271755,-75.1235892
1846,29.5639758,-95.2864299
1847,40.735657,-74.1723667
1848,29.9913244,-93.9585067
1849,37.227928,-77.4019268
1850,30.4112904,-88.8279165
1851,26.1421976,-81.7942944
1852,39.1852184,-78.1652404
1853,47.9078244,-97.0592028
1854,32.8923464,-96.4066987
1855,39.2699565,-81.5506916
1856,36.1631575,-82.8309861
1857,39.6296809,-79.9559437
1858,37.3034933,-89.5230357
1859,42.7260523,-87.7825242
1860,38.2009055,-84.8732836
1861,33.5806115,-112.237294
1862,36.4610756,-77.6548026
1863,44.899211,-97.115289
1864,40.567181,-74.634683
1865,28.5421109,-81.3790304
1866,30.1313283,-94.0148021
1867,41.0602024,-76.2461259
1868,44.2613967,-88.4069744
1869,40.3634026,-79.8664375
1870,27.5158689,-97.856109
1871,39.87265415,-75.44054729049847
1872,32.7884363,-79.9399309
1873,37.293378,-80.054667
1874,42.4141495,-71.6799426
1875,33.9316066,-117.9454867
1876,38.3565773,-121.9877444
1877,44.100351,-70.2147764
1878,42.7070354,-71.1631137
1879,33.5162315,-90.1795281
1880,40.6220478,-74.2445902
1881,40.6645469,-74.2643133
1882,42.0653768,-71.2478308
1883,38.049365,-122.1585777
1884,34.0211224,-118.396466
1885,39.851752,-74.89174118371643
1886,33.0186699,-80.1762704
1887,34.5361067,-117.2911565
1888,40.1447732,-84.2424449
1889,33.5873164,-102.37796
1890,36.3728538,-94.2088172
1891,33.4255117,-111.9400164
1892,42.2509914,-71.0037374
1893,41.012833,-81.6051221
1894,41.4860186,-73.0509432
1895,39.9234046,-83.810138
1896,40.0831714,-74.0681931
1897,42.596876,-71.3518343
1898,41.2381017,-85.8530544
1899,40.5584882,-111.9367107
1900,32.4640245,-86.4596966
1901,36.1394339,-96.1100025
1902,38.4454641,-121.8232958
1903,47.3826903,-122.2270272
1904,32.844017,-97.1430671
1905,26.2128609,-80.2497707
1906,40.8481556,-73.997639
1907,38.2542376,-85.759407
1908,44.8011821,-68.7778138
1909,40.4417743,-74.1298643
1910,34.0553813,-117.7517496
1911,38.592339,-90.3564329
1912,39.4453393,-83.8285375
1913,35.6206924,-117.6720975
1914,27.7483613,-82.7034334
1915,40.0166151,-74.9999754
1916,34.0519548,-118.0467339
1917,39.5752639,-76.9959277
1918,31.7070026,-98.9831022
1919,41.504879,-73.9696822
1920,29.663008,-95.2354902
1921,38.2382474,-122.040244
1922,34.4221319,-119.702667
1923,33.7038145,-117.9627349
1924,34.1705609,-118.8375937
1925,32.792,-115.563051
1926,42.959738,-87.861471
1927,40.8462026,-74.743241
1928,38.8898478,-94.5313816
1929,38.7761446,-90.3715909
1930,40.5687141,-74.7376619
1931,40.8814882,-74.113198
1932,40.8602222,-74.9720493
1933,40.1517741,-75.3365695
1934,38.7403281,-90.2265001
1935,41.6997139,-93.0538852
1936,40.6834349,-74.442653
1937,44.4688795,-71.1836547
1938,32.9046474,-105.941835
1939,42.5842136,-76.0704906
1940,38.3505995,-81.6332812
1941,33.7458511,-117.826166
1942,35.9824598,-86.5199492
1943,33.4150485,-111.549577
1944,38.1061979,-122.5681191
1945,33.9566391,-83.9890066
1946,33.7578725,-117.9859054
1947,42.1972487,-122.7153995
1948,40.3892726,-74.7618285
1949,41.0799898,-85.1386015
1950,42.1336307,-71.8592889
1951,34.3916641,-118.542586
1952,34.2176371,-119.0383541
1953,41.9440977,-80.5561011
1954,32.7174202,-117.1627728
1955,40.4292165,-74.1648999
1956,35.4094178,-80.5800049
1957,34.7465071,-92.2896267
1958,34.8662005,-92.1101458
1959,32.9961038,-80.0387292
1960,48.1465457,-103.621814
1961,41.5200518,-81.556235
1962,,
1963,41.7065539,-73.9283672
1964,40.9125085,-73.8386504
1965,39.7683331,-86.1583502
1966,37.4863239,-122.232523
1967,42.5792583,-71.4378411
1968,40.3470543,-74.0643065
1969,37.7790262,-122.419906
1970,33.9657091,-81.0739827
1971,34.6240205,-87.05791872812708
1972,34.0550328,-117.1827445
1973,39.8775553,-84.3021673
1974,35.8968236,-77.5358049
1975,47.6859573,-122.1920249
1976,42.4153739,-71.1564428
1977,35.7564719,-83.9704593
1978,41.372643,-73.412668
1979,40.6081591,-74.2776468
1980,41.8946107,-71.11113
1981,41.3959287,-72.8968716
1982,39.9656683,-75.1687892
1983,33.6220542,-84.3690918
1984,41.5628294,-83.6538244
1985,32.944012,-85.9538532
1986,41.6005435,-72.8782941
1987,41.9699753,-71.6977885
1988,33.4956744,-88.4272627
1989,28.0352964,-82.3892596
1990,36.62593,-121.8169383456945
1991,41.5538091,-73.0438362
1992,42.3756401,-71.2358004
1993,34.065846,-117.6484304
